titulo,precio
Gelatina Frutilla Light Dia 20 Gr.,-10 % Gelatina Frutilla Light Dia 20 Gr. $ 86010%$ 770 Agregar Precio por 10 Gr $ 430
Salsa Knorr Pomarola Tradicional 340 Gr.,"-25 % Salsa Knorr Pomarola Tradicional 340 Gr. $ 1.43525%$ 1.080 Agregar Precio por 1 Kg $ 4.220,59Precio sin Impuestos Nacionales: $ 1.435"
Gelatina Cereza Light Dia 20 Gr.,-10 % Gelatina Cereza Light Dia 20 Gr. $ 86010%$ 770 Agregar Precio por 10 Gr $ 430
Gelatina Reducida Sabor Frambuesa 20 Gr.,-10 % Gelatina Reducida Sabor Frambuesa 20 Gr. $ 86010%$ 770 Agregar Precio por 10 Gr $ 430
Chocolate Con Leche Baton 16 Gr.,"-28 % Chocolate Con Leche Baton 16 Gr. $ 62528%$ 450 Agregar Precio por 10 Gr $ 390,63Precio sin Impuestos Nacionales: $ 516,53"
Salsa Knorr Filetto 340 Gr.,"-25 % Salsa Knorr Filetto 340 Gr. $ 1.43525%$ 1.080 Agregar Precio por 1 Kg $ 4.220,59Precio sin Impuestos Nacionales: $ 1.435"
Papas Fritas Lays Clásicas X 85 Gr.,"-35 % Papas Fritas Lays Clásicas X 85 Gr. $ 3.51535%$ 2.290 Agregar Precio por 1 Kg $ 41.352,94Precio sin Impuestos Nacionales: $ 2.904,96"
Arroz Ita Caabo Largo Fino Molinos 1 Kg,"-40 % Arroz Ita Caabo Largo Fino Molinos 1 Kg $ 2.50040%$ 1.490 Agregar Precio por 1 Kg $ 2.500Precio sin Impuestos Nacionales: $ 2.066,12"
Aceituna Verde Descarozada Castell 150 Gr.,"-40 % Aceituna Verde Descarozada Castell 150 Gr. $ 3.15040%$ 1.890 Agregar Precio por 1 Kg $ 21.000Precio sin Impuestos Nacionales: $ 2.603,31"
Aceitunas Verdes Descarozadas Castell 110 Gr.,"-40 % Aceitunas Verdes Descarozadas Castell 110 Gr. $ 2.19340%$ 1.315,80 Agregar Precio por 1 Kg $ 19.936,36Precio sin Impuestos Nacionales: $ 1.812,40"
Aceituna Verde Descarozada Castell 140 Gr.,"-40 % Aceituna Verde Descarozada Castell 140 Gr. $ 3.55540%$ 2.133 Agregar Precio por 1 Kg $ 25.392,86Precio sin Impuestos Nacionales: $ 2.938,02"
Aceituna Verde Castell doypack 90 Gr.,"-40 % Aceituna Verde Castell doypack 90 Gr. $ 1.41040%$ 846 Agregar Precio por 1 Kg $ 14.100Precio sin Impuestos Nacionales: $ 1.165,29"
Aceitunas Verdes Castell 180 Gr.,"-40 % Aceitunas Verdes Castell 180 Gr. $ 2.50040%$ 1.500 Agregar Precio por 1 Kg $ 13.888,89Precio sin Impuestos Nacionales: $ 2.066,12"
Salsa Hellmann's Barbacoa Doypack 250 Gr.,"-25 % Salsa Hellmann's Barbacoa Doypack 250 Gr. $ 2.32525%$ 1.740 Agregar Precio por 1 Kg $ 9.300Precio sin Impuestos Nacionales: $ 1.921,49"
Aceituna Verde En Rodajas Castell 150 Gr.,"-40 % Aceituna Verde En Rodajas Castell 150 Gr. $ 2.95040%$ 1.770 Agregar Precio por 1 Kg $ 19.666,67Precio sin Impuestos Nacionales: $ 2.438,02"
Gelatina Sin Sabor Dia 14 Gr.,"-10 % Gelatina Sin Sabor Dia 14 Gr. $ 80010%$ 720 Agregar Precio por 10 Gr $ 571,43"
Arroz Monovarietal Corto Molinos Ala 1 Kg.,"-31 % Arroz Monovarietal Corto Molinos Ala 1 Kg. $ 2.25031%$ 1.550 Agregar Precio por 1 Kg $ 2.250Precio sin Impuestos Nacionales: $ 1.859,50"
Aceitunas Verdes Pack Castell 125 Gr.,"-40 % Aceitunas Verdes Pack Castell 125 Gr. $ 1.60140%$ 960,60 Agregar Precio por 1 Kg $ 12.808Precio sin Impuestos Nacionales: $ 1.323,14"
Puré de Tomate Dia 520 Gr.,"-24 % Puré de Tomate Dia 520 Gr. $ 91024%$ 690 Agregar Precio por 1 Kg $ 1.750Precio sin Impuestos Nacionales: $ 752,07"
Gelatina Frutilla Dia 25 Gr.,-10 % Gelatina Frutilla Dia 25 Gr. $ 86010%$ 770 Agregar Precio por 10 Gr $ 344
Aceite Fritolim Clásico Cocinero 120 Ml.,"-18 % Aceite Fritolim Clásico Cocinero 120 Ml. $ 4.40518%$ 3.600 Agregar Precio por 1 LT $ 36.708,33"
Gelatina Frambuesa Dia 25 Gr.,-10 % Gelatina Frambuesa Dia 25 Gr. $ 86010%$ 770 Agregar Precio por 10 Gr $ 344
Gelatina Cereza Dia 25 Gr.,-10 % Gelatina Cereza Dia 25 Gr. $ 86010%$ 770 Agregar Precio por 10 Gr $ 344
Pepinos Castell 140 Gr.,"-40 % Pepinos Castell 140 Gr. $ 5.66540%$ 3.399 Agregar Precio por 1 Kg $ 40.464,29"
Pickles Castell 140 Gr.,"-40 % Pickles Castell 140 Gr. $ 2.12540%$ 1.275 Agregar Precio por 1 Kg $ 15.178,57Precio sin Impuestos Nacionales: $ 1.756,20"
Aceituna Verde Entera Xl Castell 170 Gr.,"-40 % Aceituna Verde Entera Xl Castell 170 Gr. $ 2.79540%$ 1.677 Agregar Precio por 1 Kg $ 16.441,18Precio sin Impuestos Nacionales: $ 2.309,92"
Aceitunas Verdes Rellenas Castell 125 Gr.,"-40 % Aceitunas Verdes Rellenas Castell 125 Gr. $ 3.09540%$ 1.857 Agregar Precio por 1 Kg $ 24.760Precio sin Impuestos Nacionales: $ 2.557,85"
Aceitunas Verdes Rellenas Doy Pack Castell 180 Gr.,"-40 % Aceitunas Verdes Rellenas Doy Pack Castell 180 Gr. $ 4.15040%$ 2.490 Agregar Precio por 1 Kg $ 23.055,56Precio sin Impuestos Nacionales: $ 3.429,75"
Ketchup Danica 220 Gr.,"-25 % Ketchup Danica 220 Gr. $ 1.19025%$ 890 Agregar Precio por 1 Kg $ 5.409,09"
Papas Fritas Corte Americano Dia 65 Gr.,"-34 % Papas Fritas Corte Americano Dia 65 Gr. $ 1.50034%$ 990 Agregar Precio por 1 Kg $ 23.076,92Precio sin Impuestos Nacionales: $ 1.239,67"
Durazno en Mitades DIA 820 Gr.,"Durazno en Mitades DIA 820 Gr. 2do al 50%$ 2.480 Agregar Precio por 1 Kg $ 3.024,39Precio sin Impuestos Nacionales: $ 2.049,59"
Harina 0000 Morixe 1 Kg.,"-31 % Harina 0000 Morixe 1 Kg. $ 1.29531%$ 890 Agregar Precio por 1 Kg $ 1.295Precio sin Impuestos Nacionales: $ 1.171,95"
